State,Year,Renewables
Alabama,1990,0.851142423
Alabama,1991,0.874678149
Alabama,1992,0.887228929
Alabama,1993,0.893639002
Alabama,1994,0.842638524
Alabama,1995,0.860757651
Alabama,1996,0.881819583
Alabama,1997,0.877088164
Alabama,1998,0.850946566
Alabama,1999,0.850172317
Alabama,2000,0.868093791
Alabama,2001,0.89780696
Alabama,2002,0.909172719
Alabama,2003,0.911760734
Alabama,2004,0.890916309
Alabama,2005,0.901098124
Alabama,2006,0.903888842
Alabama,2007,0.920886135
Alabama,2008,0.910600896
Alabama,2009,0.897484586
Alabama,2010,0.919109072
Alabama,2011,0.930598206
Alabama,2012,0.920727813
Alabama,2013,0.873581877
Alabama,2014,0.874644544
Alabama,2015,0.893499619
Alabama,2016,0.869979392
Alabama,2017,0.840139279
Alaska,1990,0.968566058
Alaska,1991,0.971196031
Alaska,1992,0.970821237
Alaska,1993,0.967037249
Alaska,1994,0.962129359
Alaska,1995,0.967125054
Alaska,1996,0.969503958
Alaska,1997,0.978004659
Alaska,1998,0.981138154
Alaska,1999,0.985372196
Alaska,2000,0.983318083
Alaska,2001,0.976290473
Alaska,2002,0.975085176
Alaska,2003,0.973274689
Alaska,2004,0.975663226
Alaska,2005,0.980103026
Alaska,2006,0.982175424
Alaska,2007,0.980578939
Alaska,2008,0.980136432
Alaska,2009,0.975467164
Alaska,2010,0.974115852
Alaska,2011,0.975478028
Alaska,2012,0.972664882
Alaska,2013,0.969866745
Alaska,2014,0.967302767
Alaska,2015,0.961807105
Alaska,2016,0.958453947
Alaska,2017,0.961061278
Arizona,1990,0.87493556
Arizona,1991,0.878771422
Arizona,1992,0.892856225
Arizona,1993,0.898379018
Arizona,1994,0.892456461
Arizona,1995,0.814673985
Arizona,1996,0.78477042
Arizona,1997,0.802374383
Arizona,1998,0.831307467
Arizona,1999,0.843243513
Arizona,2000,0.872581334
Arizona,2001,0.895196444
Arizona,2002,0.903447835
Arizona,2003,0.914049674
Arizona,2004,0.967896995
Arizona,2005,0.934056722
Arizona,2006,0.93792067
Arizona,2007,0.942724121
Arizona,2008,0.962835346
Arizona,2009,0.934487754
Arizona,2010,0.9344877
Arizona,2011,0.881402702
Arizona,2012,0.895962241
Arizona,2013,0.913808603
Arizona,2014,0.885384564
Arizona,2015,0.872781639
Arizona,2016,0.83405104
Arizona,2017,0.814971936
Arkansas,1990,0.83326069
Arkansas,1991,0.816927916
Arkansas,1992,0.822336674
Arkansas,1993,0.756463688
Arkansas,1994,0.782815442
Arkansas,1995,0.792152953
Arkansas,1996,0.805447025
Arkansas,1997,0.779029229
Arkansas,1998,0.781035582
Arkansas,1999,0.792515445
Arkansas,2000,0.769817844
Arkansas,2001,0.781027738
Arkansas,2002,0.765840161
Arkansas,2003,0.784044929
Arkansas,2004,0.775442595
Arkansas,2005,0.73503585
Arkansas,2006,0.768450387
Arkansas,2007,0.766154629
Arkansas,2008,0.785990745
Arkansas,2009,0.814494496
Arkansas,2010,0.807063809
Arkansas,2011,0.826288539
Arkansas,2012,0.855736932
Arkansas,2013,0.849305159
Arkansas,2014,0.838320786
Arkansas,2015,0.79196949
Arkansas,2016,0.844566393
Arkansas,2017,0.862215322
California,1990,0.764577397
California,1991,0.756250554
California,1992,0.77056779
California,1993,0.763086148
California,1994,0.786978613
California,1995,0.754696349
California,1996,0.738068424
California,1997,0.737502892
California,1998,0.740661446
California,1999,0.747892919
California,2000,0.76981532
California,2001,0.775271676
California,2002,0.760860154
California,2003,0.748406319
California,2004,0.750817409
California,2005,0.748583588
California,2006,0.751510658
California,2007,0.766235515
California,2008,0.754026586
California,2009,0.752955793
California,2010,0.739751022
California,2011,0.714473958
California,2012,0.753485689
California,2013,0.752537542
California,2014,0.749764299
California,2015,0.753298378
California,2016,0.735694375
California,2017,0.730393329
Colorado,1990,0.960692834
Colorado,1991,0.946341136
Colorado,1992,0.955060988
Colorado,1993,0.949476188
Colorado,1994,0.953440286
Colorado,1995,0.937476167
Colorado,1996,0.937818914
Colorado,1997,0.929932183
Colorado,1998,0.937395293
Colorado,1999,0.931875069
Colorado,2000,0.953659389
Colorado,2001,0.973933069
Colorado,2002,0.948226027
Colorado,2003,0.951617728
Colorado,2004,0.956785423
Colorado,2005,0.957072034
Colorado,2006,0.94971822
Colorado,2007,0.953582463
Colorado,2008,0.927932119
Colorado,2009,0.916292423
Colorado,2010,0.904651118
Colorado,2011,0.887056679
Colorado,2012,0.890442311
Colorado,2013,0.887169876
Colorado,2014,0.890676939
Colorado,2015,0.874966791
Colorado,2016,0.864851528
Colorado,2017,0.860063547
Connecticut,1990,0.763876776
Connecticut,1991,0.756712271
Connecticut,1992,0.733817576
Connecticut,1993,0.711085907
Connecticut,1994,0.702081352
Connecticut,1995,0.70993196
Connecticut,1996,0.716792504
Connecticut,1997,0.773253888
Connecticut,1998,0.747233126
Connecticut,1999,0.743186961
Connecticut,2000,0.727139506
Connecticut,2001,0.732968891
Connecticut,2002,0.733083642
Connecticut,2003,0.707804376
Connecticut,2004,0.728607634
Connecticut,2005,0.76080415
Connecticut,2006,0.756830544
Connecticut,2007,0.713240394
Connecticut,2008,0.716403555
Connecticut,2009,0.722815025
Connecticut,2010,0.732684686
Connecticut,2011,0.752596839
Connecticut,2012,0.750176026
Connecticut,2013,0.74082688
Connecticut,2014,0.746426634
Connecticut,2015,0.769972401
Connecticut,2016,0.765844589
Connecticut,2017,0.753201108
Delaware,1990,0.918572145
Delaware,1991,0.927522613
Delaware,1992,0.875429108
Delaware,1993,0.930974782
Delaware,1994,0.932714098
Delaware,1995,0.910833528
Delaware,1996,0.904171004
Delaware,1997,0.826162058
Delaware,1998,0.804913163
Delaware,1999,0.802214274
Delaware,2000,0.757632174
Delaware,2001,0.781691802
Delaware,2002,0.739527609
Delaware,2003,0.762106781
Delaware,2004,0.79639049
Delaware,2005,0.795995292
Delaware,2006,0.776494031
Delaware,2007,0.795285778
Delaware,2008,0.766171356
Delaware,2009,0.6611985
Delaware,2010,0.684137567
Delaware,2011,0.738768267
Delaware,2012,0.807840873
Delaware,2013,0.780180193
Delaware,2014,0.779900051
Delaware,2015,0.782644372
Delaware,2016,0.823181718
Delaware,2017,0.781131964
Florida,1990,0.775075571
Florida,1991,0.787670233
Florida,1992,0.782493999
Florida,1993,0.790606599
Florida,1994,0.794845223
Florida,1995,0.795067122
Florida,1996,0.789511976
Florida,1997,0.796036479
Florida,1998,0.811847956
Florida,1999,0.806562535
Florida,2000,0.801816716
Florida,2001,0.802916488
Florida,2002,0.800939651
Florida,2003,0.810163503
Florida,2004,0.823466596
Florida,2005,0.82402217
Florida,2006,0.8193942
Florida,2007,0.815743038
Florida,2008,0.792597693
Florida,2009,0.787843094
Florida,2010,0.816624657
Florida,2011,0.813947316
Florida,2012,0.829670943
Florida,2013,0.807094349
Florida,2014,0.81621878
Florida,2015,0.817218923
Florida,2016,0.818609186
Florida,2017,0.821986869
Georgia,1990,0.829246687
Georgia,1991,0.789951447
Georgia,1992,0.776447676
Georgia,1993,0.780428536
Georgia,1994,0.787533089
Georgia,1995,0.776742959
Georgia,1996,0.754999758
Georgia,1997,0.759065424
Georgia,1998,0.757284533
Georgia,1999,0.765047197
Georgia,2000,0.772602937
Georgia,2001,0.761591129
Georgia,2002,0.752464785
Georgia,2003,0.75939869
Georgia,2004,0.750435585
Georgia,2005,0.788174922
Georgia,2006,0.782078419
Georgia,2007,0.793523041
Georgia,2008,0.769717564
Georgia,2009,0.75246436
Georgia,2010,0.747496999
Georgia,2011,0.716134927
Georgia,2012,0.701583338
Georgia,2013,0.69012888
Georgia,2014,0.693514019
Georgia,2015,0.696293918
Georgia,2016,0.7024432
Georgia,2017,0.702987155
Hawaii,1990,0.913082571
Hawaii,1991,0.906772827
Hawaii,1992,0.912426886
Hawaii,1993,0.901542892
Hawaii,1994,0.915046165
Hawaii,1995,0.917085055
Hawaii,1996,0.914901434
Hawaii,1997,0.917720663
Hawaii,1998,0.920786285
Hawaii,1999,0.919183819
Hawaii,2000,0.925406228
Hawaii,2001,0.954130648
Hawaii,2002,0.963281352
Hawaii,2003,0.95576677
Hawaii,2004,0.956247359
Hawaii,2005,0.956485985
Hawaii,2006,0.953038066
Hawaii,2007,0.950313098
Hawaii,2008,0.93074185
Hawaii,2009,0.929309807
Hawaii,2010,0.934895805
Hawaii,2011,0.930376777
Hawaii,2012,0.923944128
Hawaii,2013,0.908696542
Hawaii,2014,0.901938671
Hawaii,2015,0.899046077
Hawaii,2016,0.88982658
Hawaii,2017,0.892485904
Idaho,1990,0.436585149
Idaho,1991,0.446564996
Idaho,1992,0.425512211
Idaho,1993,0.451565688
Idaho,1994,0.446314699
Idaho,1995,0.464599202
Idaho,1996,0.455425133
Idaho,1997,0.447991895
Idaho,1998,0.46260635
Idaho,1999,0.467029603
Idaho,2000,0.473494567
Idaho,2001,0.496212461
Idaho,2002,0.491009796
Idaho,2003,0.473249697
Idaho,2004,0.492344016
Idaho,2005,0.487674585
Idaho,2006,0.481974101
Idaho,2007,0.474069901
Idaho,2008,0.468321969
Idaho,2009,0.478444905
Idaho,2010,0.484005711
Idaho,2011,0.478738222
Idaho,2012,0.48538038
Idaho,2013,0.514858873
Idaho,2014,0.501663927
Idaho,2015,0.533604926
Idaho,2016,0.539426104
Idaho,2017,0.533472471
Illinois,1990,0.78236494
Illinois,1991,0.770959551
Illinois,1992,0.767468654
Illinois,1993,0.794098718
Illinois,1994,0.794123501
Illinois,1995,0.789271815
Illinois,1996,0.819140755
Illinois,1997,0.827889844
Illinois,1998,0.807357455
Illinois,1999,0.811889215
Illinois,2000,0.826250662
Illinois,2001,0.816901717
Illinois,2002,0.829492872
Illinois,2003,0.827874438
Illinois,2004,0.833432142
Illinois,2005,0.831573632
Illinois,2006,0.827310759
Illinois,2007,0.830805116
Illinois,2008,0.829112653
Illinois,2009,0.821562895
Illinois,2010,0.814782542
Illinois,2011,0.815393405
Illinois,2012,0.796761804
Illinois,2013,0.817807105
Illinois,2014,0.817665725
Illinois,2015,0.794843717
Illinois,2016,0.76677435
Illinois,2017,0.765025651
Indiana,1990,1.056961566
Indiana,1991,1.043857178
Indiana,1992,1.038915417
Indiana,1993,1.029501688
Indiana,1994,1.038894379
Indiana,1995,1.028415892
Indiana,1996,1.023578576
Indiana,1997,1.045024185
Indiana,1998,1.045259781
Indiana,1999,1.034145406
Indiana,2000,1.054030971
Indiana,2001,1.038356018
Indiana,2002,1.029162982
Indiana,2003,1.029591939
Indiana,2004,1.026161497
Indiana,2005,1.011907071
Indiana,2006,1.019148484
Indiana,2007,0.997833568
Indiana,2008,0.991792243
Indiana,2009,0.968112958
Indiana,2010,0.966245265
Indiana,2011,0.951672808
Indiana,2012,0.924660172
Indiana,2013,0.908961733
Indiana,2014,0.923830279
Indiana,2015,0.884499275
Indiana,2016,0.888406952
Indiana,2017,0.893485153
Iowa,1990,0.858463517
Iowa,1991,0.857592077
Iowa,1992,0.846414789
Iowa,1993,0.850848211
Iowa,1994,0.845070607
Iowa,1995,0.854961846
Iowa,1996,0.84754472
Iowa,1997,0.848443284
Iowa,1998,0.871325523
Iowa,1999,0.866964413
Iowa,2000,0.877627471
Iowa,2001,0.87676941
Iowa,2002,0.86671537
Iowa,2003,0.857604774
Iowa,2004,0.850876196
Iowa,2005,0.839389223
Iowa,2006,0.828534253
Iowa,2007,0.834872906
Iowa,2008,0.837132359
Iowa,2009,0.791245317
Iowa,2010,0.791040402
Iowa,2011,0.77056958
Iowa,2012,0.756908668
Iowa,2013,0.741394609
Iowa,2014,0.738439073
Iowa,2015,0.714476588
Iowa,2016,0.684082662
Iowa,2017,0.697815686
Kansas,1990,0.961193907
Kansas,1991,0.951619494
Kansas,1992,0.931070935
Kansas,1993,0.969276922
Kansas,1994,0.966407468
Kansas,1995,0.949739201
Kansas,1996,0.978099309
Kansas,1997,0.94486654
Kansas,1998,0.943412926
Kansas,1999,0.964361125
Kansas,2000,0.97179589
Kansas,2001,0.960235019
Kansas,2002,0.979600222
Kansas,2003,0.973418945
Kansas,2004,0.958134955
Kansas,2005,0.934202465
Kansas,2006,0.914251404
Kansas,2007,0.942594996
Kansas,2008,0.910326167
Kansas,2009,0.915218009
Kansas,2010,0.891686405
Kansas,2011,0.877838752
Kansas,2012,0.848932966
Kansas,2013,0.871660359
Kansas,2014,0.852616925
Kansas,2015,0.8151452
Kansas,2016,0.802000702
Kansas,2017,0.776661523
Kentucky,1990,1.02353337
Kentucky,1991,1.006977192
Kentucky,1992,0.995809536
Kentucky,1993,1.046464239
Kentucky,1994,1.006884287
Kentucky,1995,1.007406111
Kentucky,1996,1.003476888
Kentucky,1997,1.029354193
Kentucky,1998,1.037463671
Kentucky,1999,1.025308154
Kentucky,2000,1.034170674
Kentucky,2001,1.03419362
Kentucky,2002,0.960267118
Kentucky,2003,0.966899654
Kentucky,2004,0.971044194
Kentucky,2005,0.970916801
Kentucky,2006,0.983257177
Kentucky,2007,0.952898895
Kentucky,2008,0.948407944
Kentucky,2009,0.929203558
Kentucky,2010,0.945243266
Kentucky,2011,0.967999283
Kentucky,2012,0.927668808
Kentucky,2013,0.942979022
Kentucky,2014,0.98888761
Kentucky,2015,0.963936954
Kentucky,2016,0.953055926
Kentucky,2017,0.915151727
Louisiana,1990,0.901921723
Louisiana,1991,0.900100769
Louisiana,1992,0.903633255
Louisiana,1993,0.898668617
Louisiana,1994,0.899900277
Louisiana,1995,0.897883927
Louisiana,1996,0.878448591
Louisiana,1997,0.893455586
Louisiana,1998,0.889353167
Louisiana,1999,0.890933739
Louisiana,2000,0.891544683
Louisiana,2001,0.887017432
Louisiana,2002,0.89217262
Louisiana,2003,0.8924886
Louisiana,2004,0.887401614
Louisiana,2005,0.893037232
Louisiana,2006,0.88380906
Louisiana,2007,0.889389112
Louisiana,2008,0.905037625
Louisiana,2009,0.895198321
Louisiana,2010,0.901520721
Louisiana,2011,0.911064226
Louisiana,2012,0.909443018
Louisiana,2013,0.896881482
Louisiana,2014,0.88356957
Louisiana,2015,0.897258476
Louisiana,2016,0.89007234
Louisiana,2017,0.861896383
Maine,1990,0.573955568
Maine,1991,0.558272421
Maine,1992,0.55181672
Maine,1993,0.540215207
Maine,1994,0.568780167
Maine,1995,0.558703819
Maine,1996,0.555502689
Maine,1997,0.562902705
Maine,1998,0.587020903
Maine,1999,0.615806856
Maine,2000,0.64764305
Maine,2001,0.75722694
Maine,2002,0.816603878
Maine,2003,0.770301284
Maine,2004,0.773322222
Maine,2005,0.732060681
Maine,2006,0.68651395
Maine,2007,0.682385551
Maine,2008,0.620192973
Maine,2009,0.673479664
Maine,2010,0.656901663
Maine,2011,0.637377211
Maine,2012,0.604938852
Maine,2013,0.608549521
Maine,2014,0.607094549
Maine,2015,0.596400298
Maine,2016,0.625869175
Maine,2017,0.59425207
Maryland,1990,0.766694591
Maryland,1991,0.751080417
Maryland,1992,0.743655491
Maryland,1993,0.742674476
Maryland,1994,0.749150041
Maryland,1995,0.732314682
Maryland,1996,0.729877118
Maryland,1997,0.747569316
Maryland,1998,0.763181135
Maryland,1999,0.766496623
Maryland,2000,0.747233197
Maryland,2001,0.746467928
Maryland,2002,0.707116089
Maryland,2003,0.70412192
Maryland,2004,0.721490421
Maryland,2005,0.725191903
Maryland,2006,0.715525909
Maryland,2007,0.709169308
Maryland,2008,0.694939477
Maryland,2009,0.67295336
Maryland,2010,0.656419579
Maryland,2011,0.638089928
Maryland,2012,0.626097848
Maryland,2013,0.606979774
Maryland,2014,0.627658
Maryland,2015,0.619995573
Maryland,2016,0.619663396
Maryland,2017,0.59445639
Massachusetts,1990,0.848579157
Massachusetts,1991,0.865124428
Massachusetts,1992,0.854742854
Massachusetts,1993,0.830446934
Massachusetts,1994,0.834198399
Massachusetts,1995,0.822346801
Massachusetts,1996,0.811917224
Massachusetts,1997,0.872905364
Massachusetts,1998,0.859301739
Massachusetts,1999,0.810498371
Massachusetts,2000,0.796792548
Massachusetts,2001,0.799643895
Massachusetts,2002,0.805134237
Massachusetts,2003,0.837925924
Massachusetts,2004,0.818126998
Massachusetts,2005,0.833572294
Massachusetts,2006,0.801983197
Massachusetts,2007,0.81408084
Massachusetts,2008,0.796793667
Massachusetts,2009,0.779526168
Massachusetts,2010,0.780260757
Massachusetts,2011,0.766399583
Massachusetts,2012,0.720019208
Massachusetts,2013,0.721767319
Massachusetts,2014,0.70397444
Massachusetts,2015,0.719201907
Massachusetts,2016,0.717026087
Massachusetts,2017,0.722025537
Michigan,1990,0.883699361
Michigan,1991,0.900722009
Michigan,1992,0.892666584
Michigan,1993,0.892349745
Michigan,1994,0.913187436
Michigan,1995,0.895785432
Michigan,1996,0.891585255
Michigan,1997,0.886514751
Michigan,1998,0.882822292
Michigan,1999,0.879139504
Michigan,2000,0.863526351
Michigan,2001,0.874213265
Michigan,2002,0.865536042
Michigan,2003,0.839072143
Michigan,2004,0.856677584
Michigan,2005,0.847081271
Michigan,2006,0.831987895
Michigan,2007,0.839220731
Michigan,2008,0.835011512
Michigan,2009,0.85181077
Michigan,2010,0.834173062
Michigan,2011,0.805776249
Michigan,2012,0.81066083
Michigan,2013,0.810456618
Michigan,2014,0.805431819
Michigan,2015,0.83261083
Michigan,2016,0.812620237
Michigan,2017,0.812960622
Minnesota,1990,0.799679598
Minnesota,1991,0.791014244
Minnesota,1992,0.799072369
Minnesota,1993,0.80978612
Minnesota,1994,0.803803183
Minnesota,1995,0.796757774
Minnesota,1996,0.804172954
Minnesota,1997,0.798604077
Minnesota,1998,0.804263978
Minnesota,1999,0.784982523
Minnesota,2000,0.799414029
Minnesota,2001,0.784538386
Minnesota,2002,0.776100192
Minnesota,2003,0.770437207
Minnesota,2004,0.766661803
Minnesota,2005,0.781473523
Minnesota,2006,0.769739367
Minnesota,2007,0.760691369
Minnesota,2008,0.752411754
Minnesota,2009,0.744046319
Minnesota,2010,0.717412552
Minnesota,2011,0.716077466
Minnesota,2012,0.701577272
Minnesota,2013,0.713417066
Minnesota,2014,0.723423692
Minnesota,2015,0.72421913
Minnesota,2016,0.731319114
Minnesota,2017,0.712805811
Mississippi,1990,0.719409393
Mississippi,1991,0.698913851
Mississippi,1992,0.682883978
Mississippi,1993,0.695985839
Mississippi,1994,0.694478356
Mississippi,1995,0.703462275
Mississippi,1996,0.713321143
Mississippi,1997,0.719364867
Mississippi,1998,0.733840875
Mississippi,1999,0.748457679
Mississippi,2000,0.734113707
Mississippi,2001,0.897961774
Mississippi,2002,0.796318404
Mississippi,2003,0.772900413
Mississippi,2004,0.788522468
Mississippi,2005,0.807261171
Mississippi,2006,0.804676629
Mississippi,2007,0.833782887
Mississippi,2008,0.826813697
Mississippi,2009,0.821540859
Mississippi,2010,0.846559389
Mississippi,2011,0.816056634
Mississippi,2012,0.864371274
Mississippi,2013,0.825992246
Mississippi,2014,0.848441077
Mississippi,2015,0.916597032
Mississippi,2016,0.951243301
Mississippi,2017,0.928160231
Missouri,1990,0.921805526
Missouri,1991,0.904852181
Missouri,1992,0.904960035
Missouri,1993,0.84563231
Missouri,1994,0.895568811
Missouri,1995,0.915757445
Missouri,1996,0.918175494
Missouri,1997,0.933523356
Missouri,1998,0.93731112
Missouri,1999,0.930080073
Missouri,2000,0.919625961
Missouri,2001,0.94425884
Missouri,2002,0.937296567
Missouri,2003,0.972956434
Missouri,2004,0.97803679
Missouri,2005,0.949829688
Missouri,2006,0.943576308
Missouri,2007,0.912852398
Missouri,2008,0.906871004
Missouri,2009,0.910842433
Missouri,2010,0.897735724
Missouri,2011,0.924272242
Missouri,2012,0.910493238
Missouri,2013,0.914355513
Missouri,2014,0.890043977
Missouri,2015,0.871315529
Missouri,2016,0.865117601
Missouri,2017,0.914409529
Montana,1990,1.023576
Montana,1991,1.038789385
Montana,1992,1.099610836
Montana,1993,1.004104899
Montana,1994,1.074231422
Montana,1995,1.006494225
Montana,1996,0.93395827
Montana,1997,1.053146562
Montana,1998,1.049269452
Montana,1999,1.077217102
Montana,2000,1.010971502
Montana,2001,1.145028339
Montana,2002,1.052566998
Montana,2003,1.103701503
Montana,2004,1.103433672
Montana,2005,1.081117484
Montana,2006,1.056073404
Montana,2007,1.030017472
Montana,2008,1.036445811
Montana,2009,1.012101741
Montana,2010,1.112027519
Montana,2011,1.048417419
Montana,2012,1.024221532
Montana,2013,1.038969981
Montana,2014,1.049328084
Montana,2015,1.04624236
Montana,2016,1.004949517
Montana,2017,0.978977073
Nebraska,1990,0.864066414
Nebraska,1991,0.868652753
Nebraska,1992,0.854911064
Nebraska,1993,0.884458588
Nebraska,1994,0.854376365
Nebraska,1995,0.867056145
Nebraska,1996,0.858496455
Nebraska,1997,0.858377861
Nebraska,1998,0.872947438
Nebraska,1999,0.865061276
Nebraska,2000,0.847421913
Nebraska,2001,0.866497411
Nebraska,2002,0.844623732
Nebraska,2003,0.855412903
Nebraska,2004,0.835558348
Nebraska,2005,0.83268791
Nebraska,2006,0.827715208
Nebraska,2007,0.791966956
Nebraska,2008,0.788433563
Nebraska,2009,0.81124878
Nebraska,2010,0.773690631
Nebraska,2011,0.800178101
Nebraska,2012,0.783116492
Nebraska,2013,0.809919495
Nebraska,2014,0.797108328
Nebraska,2015,0.788559402
Nebraska,2016,0.750583607
Nebraska,2017,0.739215006
Nevada,1990,0.994896149
Nevada,1991,1.017009372
Nevada,1992,1.02167303
Nevada,1993,0.992885278
Nevada,1994,0.988463481
Nevada,1995,0.952998052
Nevada,1996,0.945203738
Nevada,1997,0.93037652
Nevada,1998,0.974564654
Nevada,1999,0.953197102
Nevada,2000,1.019459678
Nevada,2001,0.992459431
Nevada,2002,0.943969353
Nevada,2003,0.958317241
Nevada,2004,1.002619942
Nevada,2005,1.015896428
Nevada,2006,0.855814117
Nevada,2007,0.861276873
Nevada,2008,0.893184345
Nevada,2009,0.92947717
Nevada,2010,0.895095326
Nevada,2011,0.838932683
Nevada,2012,0.860391571
Nevada,2013,0.865852826
Nevada,2014,0.8636777
Nevada,2015,0.876788609
Nevada,2016,0.870905279
Nevada,2017,0.834864007
New Hampshire,1990,0.766001286
New Hampshire,1991,0.774090713
New Hampshire,1992,0.759037573
New Hampshire,1993,0.771870743
New Hampshire,1994,0.776082147
New Hampshire,1995,0.772099081
New Hampshire,1996,0.755003594
New Hampshire,1997,0.805780446
New Hampshire,1998,0.801076527
New Hampshire,1999,0.786033799
New Hampshire,2000,0.773310962
New Hampshire,2001,0.756398699
New Hampshire,2002,0.767292553
New Hampshire,2003,0.917115588
New Hampshire,2004,0.942658131
New Hampshire,2005,0.946422801
New Hampshire,2006,0.905491161
New Hampshire,2007,0.889130139
New Hampshire,2008,0.913137807
New Hampshire,2009,0.836029923
New Hampshire,2010,0.817107269
New Hampshire,2011,0.824406676
New Hampshire,2012,0.787518537
New Hampshire,2013,0.70464164
New Hampshire,2014,0.726640771
New Hampshire,2015,0.740563611
New Hampshire,2016,0.689382944
New Hampshire,2017,0.663049812
New Jersey,1990,0.737710211
New Jersey,1991,0.739804995
New Jersey,1992,0.768881801
New Jersey,1993,0.762757603
New Jersey,1994,0.782210526
New Jersey,1995,0.783425019
New Jersey,1996,0.776800284
New Jersey,1997,0.787996657
New Jersey,1998,0.774140202
New Jersey,1999,0.775615279
New Jersey,2000,0.777929931
New Jersey,2001,0.767586868
New Jersey,2002,0.766630625
New Jersey,2003,0.752872439
New Jersey,2004,0.752514029
New Jersey,2005,0.745197075
New Jersey,2006,0.733394384
New Jersey,2007,0.747747616
New Jersey,2008,0.751195776
New Jersey,2009,0.728789364
New Jersey,2010,0.740444522
New Jersey,2011,0.745493762
New Jersey,2012,0.737231937
New Jersey,2013,0.739914244
New Jersey,2014,0.771994247
New Jersey,2015,0.782169944
New Jersey,2016,0.804126522
New Jersey,2017,0.776574118
New Mexico,1990,1.238561307
New Mexico,1991,1.170255931
New Mexico,1992,1.212486765
New Mexico,1993,1.210999965
New Mexico,1994,1.225369919
New Mexico,1995,1.205665921
New Mexico,1996,1.192980214
New Mexico,1997,1.19635713
New Mexico,1998,1.200860984
New Mexico,1999,1.206837615
New Mexico,2000,1.205742845
New Mexico,2001,1.206764549
New Mexico,2002,1.153280434
New Mexico,2003,1.184912293
New Mexico,2004,1.165764957
New Mexico,2005,1.173116988
New Mexico,2006,1.18219758
New Mexico,2007,1.13727513
New Mexico,2008,1.150223881
New Mexico,2009,1.212317651
New Mexico,2010,1.132130797
New Mexico,2011,1.147009381
New Mexico,2012,1.118116821
New Mexico,2013,1.106755713
New Mexico,2014,1.047793939
New Mexico,2015,1.051848944
New Mexico,2016,1.032932742
New Mexico,2017,1.025152098
New York,1990,0.811245054
New York,1991,0.799726263
New York,1992,0.788807212
New York,1993,0.769089621
New York,1994,0.781616979
New York,1995,0.808080024
New York,1996,0.779491208
New York,1997,0.789236574
New York,1998,0.793296459
New York,1999,0.781226452
New York,2000,0.782232848
New York,2001,0.785844865
New York,2002,0.766644136
New York,2003,0.768262811
New York,2004,0.761903154
New York,2005,0.768278676
New York,2006,0.765999129
New York,2007,0.767445806
New York,2008,0.752493418
New York,2009,0.732721919
New York,2010,0.732569791
New York,2011,0.724509282
New York,2012,0.73952648
New York,2013,0.72428677
New York,2014,0.734052495
New York,2015,0.729984584
New York,2016,0.725927841
New York,2017,0.703080803
North Carolina,1990,0.705763346
North Carolina,1991,0.71066263
North Carolina,1992,0.737327198
North Carolina,1993,0.740867738
North Carolina,1994,0.712023728
North Carolina,1995,0.717266947
North Carolina,1996,0.744641318
North Carolina,1997,0.763484548
North Carolina,1998,0.749067837
North Carolina,1999,0.74012287
North Carolina,2000,0.747095207
North Carolina,2001,0.73880468
North Carolina,2002,0.7393459
North Carolina,2003,0.737075047
North Carolina,2004,0.734242976
North Carolina,2005,0.745604286
North Carolina,2006,0.734604354
North Carolina,2007,0.742037227
North Carolina,2008,0.714402493
North Carolina,2009,0.677272489
North Carolina,2010,0.694824061
North Carolina,2011,0.664945352
North Carolina,2012,0.666066925
North Carolina,2013,0.684018935
North Carolina,2014,0.688803468
North Carolina,2015,0.679727182
North Carolina,2016,0.682527578
North Carolina,2017,0.674566699
North Dakota,1990,1.647142231
North Dakota,1991,1.63911762
North Dakota,1992,1.670401568
North Dakota,1993,1.662718449
North Dakota,1994,1.635261992
North Dakota,1995,1.588465225
North Dakota,1996,1.612387814
North Dakota,1997,1.559515316
North Dakota,1998,1.636399271
North Dakota,1999,1.570436789
North Dakota,2000,1.569417075
North Dakota,2001,1.512703551
North Dakota,2002,1.519858493
North Dakota,2003,1.498570628
North Dakota,2004,1.458426169
North Dakota,2005,1.512618076
North Dakota,2006,1.451110312
North Dakota,2007,1.412494225
North Dakota,2008,1.402274966
North Dakota,2009,1.386753286
North Dakota,2010,1.306311069
North Dakota,2011,1.23428688
North Dakota,2012,1.228330898
North Dakota,2013,1.179033077
North Dakota,2014,1.128655723
North Dakota,2015,1.151532718
North Dakota,2016,1.13814119
North Dakota,2017,1.102469484
Ohio,1990,0.872356792
Ohio,1991,0.867082289
Ohio,1992,0.880536991
Ohio,1993,0.880819229
Ohio,1994,0.849469902
Ohio,1995,0.846231773
Ohio,1996,0.871787948
Ohio,1997,0.865215583
Ohio,1998,0.87072658
Ohio,1999,0.845231099
Ohio,2000,0.858296579
Ohio,2001,0.875552653
Ohio,2002,0.906697726
Ohio,2003,0.915476348
Ohio,2004,0.890453555
Ohio,2005,0.899893442
Ohio,2006,0.907368216
Ohio,2007,0.885441115
Ohio,2008,0.873932981
Ohio,2009,0.863283967
Ohio,2010,0.861912472
Ohio,2011,0.839257558
Ohio,2012,0.815470099
Ohio,2013,0.846525722
Ohio,2014,0.842090535
Ohio,2015,0.808149646
Ohio,2016,0.797450853
Ohio,2017,0.806026214
Oklahoma,1990,0.967406862
Oklahoma,1991,1.015316239
Oklahoma,1992,1.024047176
Oklahoma,1993,1.017481752
Oklahoma,1994,1.001774355
Oklahoma,1995,1.016381643
Oklahoma,1996,0.995989263
Oklahoma,1997,0.992794628
Oklahoma,1998,0.988281764
Oklahoma,1999,0.990033745
Oklahoma,2000,0.976741393
Oklahoma,2001,0.978855325
Oklahoma,2002,1.011591017
Oklahoma,2003,1.013265103
Oklahoma,2004,0.992785883
Oklahoma,2005,1.026137952
Oklahoma,2006,1.036807469
Oklahoma,2007,1.027294377
Oklahoma,2008,1.038997303
Oklahoma,2009,1.045706393
Oklahoma,2010,0.992784264
Oklahoma,2011,0.992655875
Oklahoma,2012,1.001697573
Oklahoma,2013,0.946689531
Oklahoma,2014,0.917454439
Oklahoma,2015,0.934944836
Oklahoma,2016,0.915053706
Oklahoma,2017,0.87914921
Oregon,1990,0.484161291
Oregon,1991,0.5154326
Oregon,1992,0.536738851
Oregon,1993,0.528956972
Oregon,1994,0.546169369
Oregon,1995,0.510242728
Oregon,1996,0.525253651
Oregon,1997,0.518358397
Oregon,1998,0.596563075
Oregon,1999,0.599503921
Oregon,2000,0.580656283
Oregon,2001,0.614549567
Oregon,2002,0.596995744
Oregon,2003,0.617068033
Oregon,2004,0.643199124
Oregon,2005,0.627097165
Oregon,2006,0.595152119
Oregon,2007,0.64064167
Oregon,2008,0.642142938
Oregon,2009,0.629516627
Oregon,2010,0.639339986
Oregon,2011,0.567375633
Oregon,2012,0.587145347
Oregon,2013,0.609755241
Oregon,2014,0.593171299
Oregon,2015,0.615548938
Oregon,2016,0.608232945
Oregon,2017,0.597312653
Pennsylvania,1990,0.952014771
Pennsylvania,1991,0.940121076
Pennsylvania,1992,0.945205573
Pennsylvania,1993,0.943042916
Pennsylvania,1994,0.922598071
Pennsylvania,1995,0.916898176
Pennsylvania,1996,0.923566405
Pennsylvania,1997,0.932297253
Pennsylvania,1998,0.93707306
Pennsylvania,1999,0.925267032
Pennsylvania,2000,0.927905463
Pennsylvania,2001,0.911155932
Pennsylvania,2002,0.914759561
Pennsylvania,2003,0.91971477
Pennsylvania,2004,0.920514894
Pennsylvania,2005,0.924252216
Pennsylvania,2006,0.930600443
Pennsylvania,2007,0.927882782
Pennsylvania,2008,0.90846782
Pennsylvania,2009,0.913423965
Pennsylvania,2010,0.921408199
Pennsylvania,2011,0.912862886
Pennsylvania,2012,0.914810533
Pennsylvania,2013,0.904331501
Pennsylvania,2014,0.892050757
Pennsylvania,2015,0.867908414
Pennsylvania,2016,0.86047306
Pennsylvania,2017,0.859915161
Rhode Island,1990,0.681948761
Rhode Island,1991,0.796472104
Rhode Island,1992,0.909168963
Rhode Island,1993,0.872843546
Rhode Island,1994,0.906567485
Rhode Island,1995,0.888304083
Rhode Island,1996,1.024855407
Rhode Island,1997,1.030754785
Rhode Island,1998,1.023973303
Rhode Island,1999,0.97233043
Rhode Island,2000,0.933473597
Rhode Island,2001,0.983072768
Rhode Island,2002,0.936201684
Rhode Island,2003,0.849037215
Rhode Island,2004,0.807905353
Rhode Island,2005,0.866869899
Rhode Island,2006,0.851914199
Rhode Island,2007,0.894339775
Rhode Island,2008,0.930319327
Rhode Island,2009,0.957406077
Rhode Island,2010,0.944277355
Rhode Island,2011,0.996772649
Rhode Island,2012,0.967588464
Rhode Island,2013,0.860710787
Rhode Island,2014,0.874154989
Rhode Island,2015,0.902803738
Rhode Island,2016,0.88228658
Rhode Island,2017,0.934334755
South Carolina,1990,0.642136845
South Carolina,1991,0.641326843
South Carolina,1992,0.626239735
South Carolina,1993,0.640592778
South Carolina,1994,0.64146187
South Carolina,1995,0.615855054
South Carolina,1996,0.629505075
South Carolina,1997,0.636983326
South Carolina,1998,0.640140157
South Carolina,1999,0.663117345
South Carolina,2000,0.670507971
South Carolina,2001,0.673905906
South Carolina,2002,0.676993909
South Carolina,2003,0.670746375
South Carolina,2004,0.692127793
South Carolina,2005,0.693652887
South Carolina,2006,0.695025551
South Carolina,2007,0.694323824
South Carolina,2008,0.686255953
South Carolina,2009,0.688310863
South Carolina,2010,0.680690759
South Carolina,2011,0.669924076
South Carolina,2012,0.646930096
South Carolina,2013,0.609961192
South Carolina,2014,0.622341663
South Carolina,2015,0.624855291
South Carolina,2016,0.622933136
South Carolina,2017,0.612982359
South Dakota,1990,0.7770363
South Dakota,1991,0.762256164
South Dakota,1992,0.768781024
South Dakota,1993,0.759989542
South Dakota,1994,0.76946638
South Dakota,1995,0.760456131
South Dakota,1996,0.736374096
South Dakota,1997,0.789167154
South Dakota,1998,0.769497646
South Dakota,1999,0.798921396
South Dakota,2000,0.790528381
South Dakota,2001,0.762071543
South Dakota,2002,0.735434769
South Dakota,2003,0.724443136
South Dakota,2004,0.697562142
South Dakota,2005,0.655523554
South Dakota,2006,0.640716124
South Dakota,2007,0.619674125
South Dakota,2008,0.626346627
South Dakota,2009,0.603787096
South Dakota,2010,0.597045523
South Dakota,2011,0.578149779
South Dakota,2012,0.607317941
South Dakota,2013,0.594940081
South Dakota,2014,0.59067927
South Dakota,2015,0.568775171
South Dakota,2016,0.591923802
South Dakota,2017,0.580529911
Tennessee,1990,0.770804978
Tennessee,1991,0.740452521
Tennessee,1992,0.764054999
Tennessee,1993,0.815519712
Tennessee,1994,0.762677348
Tennessee,1995,0.797928436
Tennessee,1996,0.76799234
Tennessee,1997,0.793803476
Tennessee,1998,0.764025664
Tennessee,1999,0.755878767
Tennessee,2000,0.771601887
Tennessee,2001,0.757198068
Tennessee,2002,0.745868672
Tennessee,2003,0.733450963
Tennessee,2004,0.727894723
Tennessee,2005,0.725072181
Tennessee,2006,0.731569135
Tennessee,2007,0.714967882
Tennessee,2008,0.69945349
Tennessee,2009,0.651369047
Tennessee,2010,0.648652862
Tennessee,2011,0.648298525
Tennessee,2012,0.64970118
Tennessee,2013,0.628262086
Tennessee,2014,0.642274248
Tennessee,2015,0.634740998
Tennessee,2016,0.646301187
Tennessee,2017,0.63775847
Texas,1990,0.970443872
Texas,1991,0.967027729
Texas,1992,0.964912738
Texas,1993,0.974299038
Texas,1994,0.958125199
Texas,1995,0.95058701
Texas,1996,0.95095369
Texas,1997,0.949374598
Texas,1998,0.95030228
Texas,1999,0.953112743
Texas,2000,0.955281647
Texas,2001,0.954805733
Texas,2002,0.95293865
Texas,2003,0.956450879
Texas,2004,0.958958552
Texas,2005,0.947612462
Texas,2006,0.947433007
Texas,2007,0.947220628
Texas,2008,0.933578138
Texas,2009,0.922926276
Texas,2010,0.918506237
Texas,2011,0.921691913
Texas,2012,0.926408491
Texas,2013,0.917649329
Texas,2014,0.909725946
Texas,2015,0.914498793
Texas,2016,0.901358181
Texas,2017,0.894768344
Utah,1990,1.28216604
Utah,1991,1.223972627
Utah,1992,1.263855653
Utah,1993,1.257442224
Utah,1994,1.256358642
Utah,1995,1.187335817
Utah,1996,1.156311876
Utah,1997,1.164931214
Utah,1998,1.171052127
Utah,1999,1.166117957
Utah,2000,1.142835483
Utah,2001,1.146732916
Utah,2002,1.163920541
Utah,2003,1.1720285
Utah,2004,1.153289824
Utah,2005,1.134207804
Utah,2006,1.144598972
Utah,2007,1.180528256
Utah,2008,1.188069889
Utah,2009,1.150030988
Utah,2010,1.120579926
Utah,2011,1.080910984
Utah,2012,1.049887733
Utah,2013,1.079488913
Utah,2014,1.096618279
Utah,2015,1.06630995
Utah,2016,1.00054801
Utah,2017,0.970955904
Vermont,1990,0.625462761
Vermont,1991,0.640015992
Vermont,1992,0.651206849
Vermont,1993,0.65128668
Vermont,1994,0.647238903
Vermont,1995,0.659183597
Vermont,1996,0.657813906
Vermont,1997,0.673702678
Vermont,1998,0.667395772
Vermont,1999,0.698089645
Vermont,2000,0.669258536
Vermont,2001,0.657981338
Vermont,2002,0.626457203
Vermont,2003,0.632718748
Vermont,2004,0.645988415
Vermont,2005,0.620048621
Vermont,2006,0.618758189
Vermont,2007,0.618056363
Vermont,2008,0.588388014
Vermont,2009,0.594908028
Vermont,2010,0.579202686
Vermont,2011,0.586169674
Vermont,2012,0.643390453
Vermont,2013,0.648922216
Vermont,2014,0.648308161
Vermont,2015,0.673194545
Vermont,2016,0.670642107
Vermont,2017,0.671802899
Virginia,1990,0.661858625
Virginia,1991,0.65951094
Virginia,1992,0.664036807
Virginia,1993,0.672397784
Virginia,1994,0.664229113
Virginia,1995,0.659923099
Virginia,1996,0.663796129
Virginia,1997,0.676808386
Virginia,1998,0.682086854
Virginia,1999,0.681153475
Virginia,2000,0.693382021
Virginia,2001,0.698897925
Virginia,2002,0.682023774
Virginia,2003,0.688830912
Virginia,2004,0.680006667
Virginia,2005,0.674373038
Virginia,2006,0.652900248
Virginia,2007,0.661369315
Virginia,2008,0.627283378
Virginia,2009,0.608034057
Virginia,2010,0.616783599
Virginia,2011,0.600255827
Virginia,2012,0.610609067
Virginia,2013,0.625379393
Virginia,2014,0.616914972
Virginia,2015,0.64522817
Virginia,2016,0.669301829
Virginia,2017,0.65774519
Washington,1990,0.496569326
Washington,1991,0.505586218
Washington,1992,0.547411004
Washington,1993,0.524850492
Washington,1994,0.565333068
Washington,1995,0.544917413
Washington,1996,0.570815955
Washington,1997,0.551777892
Washington,1998,0.560200221
Washington,1999,0.547213584
Washington,2000,0.560500894
Washington,2001,0.597981543
Washington,2002,0.583749275
Washington,2003,0.590384778
Washington,2004,0.589666992
Washington,2005,0.591714082
Washington,2006,0.552486475
Washington,2007,0.583553545
Washington,2008,0.572441343
Washington,2009,0.560038458
Washington,2010,0.546886544
Washington,2011,0.504585808
Washington,2012,0.514122989
Washington,2013,0.545188594
Washington,2014,0.541662008
Washington,2015,0.565743833
Washington,2016,0.579944702
Washington,2017,0.576141478
West Virginia,1990,1.71798228
West Virginia,1991,1.661710076
West Virginia,1992,1.670200217
West Virginia,1993,1.636391135
West Virginia,1994,1.699939748
West Virginia,1995,1.67262812
West Virginia,1996,1.776995787
West Virginia,1997,1.843029995
West Virginia,1998,1.824225084
West Virginia,1999,1.871672394
West Virginia,2000,1.818418411
West Virginia,2001,1.686322136
West Virginia,2002,1.820042248
West Virginia,2003,1.858172962
West Virginia,2004,1.761004743
West Virginia,2005,1.784445924
West Virginia,2006,1.737501282
West Virginia,2007,1.700796215
West Virginia,2008,1.67088513
West Virginia,2009,1.491750722
West Virginia,2010,1.562481534
West Virginia,2011,1.554938221
West Virginia,2012,1.494248422
West Virginia,2013,1.49159774
West Virginia,2014,1.524633455
West Virginia,2015,1.448396544
West Virginia,2016,1.499240185
West Virginia,2017,1.463388065
Wisconsin,1990,0.797690559
Wisconsin,1991,0.798084529
Wisconsin,1992,0.791744499
Wisconsin,1993,0.792419898
Wisconsin,1994,0.795156116
Wisconsin,1995,0.792774177
Wisconsin,1996,0.7981287
Wisconsin,1997,0.81265392
Wisconsin,1998,0.806292343
Wisconsin,1999,0.800532834
Wisconsin,2000,0.799275005
Wisconsin,2001,0.789749212
Wisconsin,2002,0.783251771
Wisconsin,2003,0.786054348
Wisconsin,2004,0.78921483
Wisconsin,2005,0.778250282
Wisconsin,2006,0.761534043
Wisconsin,2007,0.764429895
Wisconsin,2008,0.767646505
Wisconsin,2009,0.758557664
Wisconsin,2010,0.752683035
Wisconsin,2011,0.75899303
Wisconsin,2012,0.740600298
Wisconsin,2013,0.776028341
Wisconsin,2014,0.764160096
Wisconsin,2015,0.785361401
Wisconsin,2016,0.771678799
Wisconsin,2017,0.782414776
Wyoming,1990,1.712549705
Wyoming,1991,1.707447466
Wyoming,1992,1.743490853
Wyoming,1993,1.715484667
Wyoming,1994,1.771667492
Wyoming,1995,1.727295951
Wyoming,1996,1.720466155
Wyoming,1997,1.705366289
Wyoming,1998,1.809151693
Wyoming,1999,1.753078321
Wyoming,2000,1.770935909
Wyoming,2001,1.734977552
Wyoming,2002,1.704825621
Wyoming,2003,1.676840001
Wyoming,2004,1.698354625
Wyoming,2005,1.664586371
Wyoming,2006,1.60126494
Wyoming,2007,1.547793584
Wyoming,2008,1.518040845
Wyoming,2009,1.497914568
Wyoming,2010,1.488900128
Wyoming,2011,1.431833211
Wyoming,2012,1.491714371
Wyoming,2013,1.556190007
Wyoming,2014,1.499086603
Wyoming,2015,1.525335108
Wyoming,2016,1.474851653
Wyoming,2017,1.464940896
